breed,file,source,note
basset,inna-machekhina-qQG5W23nDA0-unsplash.jpg,unsplash,
basset,jennifer-grismer-B2Y4YmBoVyg-unsplash.jpg,unsplash,
basset,pexels-kelly-19201803.jpg,pexels,
basset,pexels-marek-pericka-100260305-9365123.jpg,pexels,
basset,pexels-marek-pericka-100260305-9365127.jpg,pexels,
bloodhound,Bloodhound.jpg,purina UK,
bloodhound,Bloodhound2.jpg,purina UK,
bloodhound,Bloodhound3.jpg,purina UK,
bloodhound,pexels-bethany-ellis-1293051914-28931359.jpg,pexels,
bloodhound,pexels-gary-smith-1113428-7340691.jpg,pexels,
border_collie,pexels-leyla-kilic-74511450-14332954.jpg,pexels,
border_collie,pexels-miami302-18101849.jpg,pexels,
border_collie,pexels-miami302-19920278.jpg,pexels,
border_collie,pexels-mykhailo-petrenko-2152927294-32635798.jpg,pexels,
border_collie,pexels-zander_world14-533878492-16482140.jpg,pexels,
doberman,gytis-m-5GcNMK0iQPk-unsplash.jpg,unsplash,
doberman,jen-b-CvZr-KELh2c-unsplash.jpg,unsplash,
doberman,pexels-26343467-6779972.jpg,pexels,
doberman,pexels-alexasfotos-11169490.jpg,pexels,
doberman,pexels-blanco-studio-2147970603-30384010.jpg,pexels,
german_shepherd,pexels-gustavo-villegas-3005344-15283105.jpg,pexels,
german_shepherd,pexels-guvo59-33159007.jpg,pexels,
german_shepherd,pexels-jozef-feher-356581-1800314.jpg,pexels,
german_shepherd,pexels-julissapires-20368539.jpg,pexels,
german_shepherd,pexels-julissapires-20368542.jpg,pexels,
golden_retriever,pexels-barnabas-davoti-31615494-11106504.jpg,pexels,
golden_retriever,pexels-pinamon-27908928.jpg,pexels,
golden_retriever,pexels-pincalo-19962782.jpg,pexels,
golden_retriever,pexels-tommes-frites-1141358642-33800404.jpg,pexels,
golden_retriever,shayna-douglas-rFao8fcvTdY-unsplash.jpg,unsplash,
maltese,mike-cuerpo-bAh4emC2h1U-unsplash.jpg,unsplash,
maltese,pexels-alina-zahorulko-48514961-31848853.jpg,pexels,
maltese,pexels-guvo59-31004026.jpg,pexels,
maltese,pexels-jess-hmate-2399667-14470634.jpg,pexels,
maltese,pexels-mladenscekic-23542118.jpg,pexels,
pug,pexels-babydov-7788908.jpg,pexels,
pug,pexels-leticia-alvares-1805702-36393930.jpg,pexels,
pug,pexels-phloge-3282043-4921913.jpg,pexels,
pug,pexels-sejio402-6395585.jpg,pexels,
pug,pexels-steshkacroes-9700107.jpg,pexels,
rhodesian_ridgeback,pexels-carolin-wenske-762365559-20620967.jpg,pexels,
rhodesian_ridgeback,pexels-carolin-wenske-762365559-20620968.jpg,pexels,
rhodesian_ridgeback,pexels-nastya-korenkova-72937441-8738357.jpg,pexels,
rhodesian_ridgeback,pexels-roy-s-12656046-9365336.jpg,pexels,
rhodesian_ridgeback,pexels-sven-svensson-3515288-14626089.jpg,pexels,
shih_tzu,pexels-abhishek-biradar-34804961-29582994.jpg,pexels,
shih_tzu,pexels-damir-37733925.jpg,pexels,
shih_tzu,pexels-edyttka-stawiarska-1763030-29128079.jpg,pexels,
shih_tzu,pexels-freddy-1663967361-35417760.jpg,pexels,
shih_tzu,pexels-larem-35611441.jpg,pexels,
siberian_husky,lili-cortez-photography-jGRr2UU9Kug-unsplash.jpg,unsplash,
siberian_husky,maxwell-dacombe-fYVZ40OmMVo-unsplash.jpg,unsplash,
siberian_husky,pexels-alex-sever-89807754-18135790.jpg,pexels,
siberian_husky,pexels-julissapires-5727100.jpg,pexels,
siberian_husky,wout-vanacker-qZ2FR1Ytqg8-unsplash.jpg,unsplash,
yorkshire_terrier,chris-smith-vCPF8e_-JPg-unsplash.jpg,unsplash,
yorkshire_terrier,pexels-erwin-bosman-118283-36182710.jpg,pexels,
yorkshire_terrier,pexels-frentescuphotography-6222967.jpg,pexels,
yorkshire_terrier,pexels-guvo59-29026342.jpg,pexels,
yorkshire_terrier,pexels-pinamon-19048393.jpg,pexels,
